trial_idx,hash,type,short_name,movie_name,label,is_natural
0,J4PH3ez0PBmcINVwekyF,Clip,sports1m,2011 KIA X-GAME Aggressive Inline VERT Final,Sports1M,True
1,n2kq4Nv6UNm4wJbdtuHM,Clip,sports1m,2010 WORLDS Justin Ruiz (USA) dec Richard Karelson (EST) 96 kg GR,Sports1M,True
2,iYxs1vPwdSenUzRva/I3,Clip,Cinematic,Mad Max: Fury Road (2015),Cinematic,True
3,N1Sn679rCW0XsG5S7c/C,Clip,Cinematic,Star Wars: Episode VII - The Force Awakens (2015),Cinematic,True
4,jlM0Ornu8Dw2nAXCwego,Clip,Rendered,mountainlake_047-1-0-70-0_54.89.40.102,Rendered,True
5,iXM+aZY10zP+t3wPmZOW,Clip,Cinematic,The Matrix Reloaded (2003),Cinematic,True
6,MaN8zZQItdhsFNBq5/yl,Clip,Rendered,run213-darkTemple-1-0,Rendered,True
7,18PTv0aCUhaUeL2r9kDd,Clip,sports1m,2012 July 10 Midweek MTB Corner Canyon XC Mountain Bike Race (Stabilized),Sports1M,True
8,cK20wOm48y1gpxBcZuzN,Clip,Cinematic,The Matrix Reloaded (2003),Cinematic,True
9,s8DvZS/fghphUcTsLOzM,Clip,Cinematic,The Matrix (1999),Cinematic,True
10,8IyLxfa6UikBgn/lOdpD,Clip,sports1m,2012 January 28 Frozen Hog Snow Mountain Bike Race,Sports1M,True
11,AXD+rrWG8VbV+xLvzwfb,Clip,sports1m,2012 May 28 ICUP 7th Annual Stan Crane Memorial XC Mountain Bike Race,Sports1M,True
12,tRgm529SPpQspr220FRm,Trippy,UNKNOWN,UNKNOWN,Trippy,False
13,IM+4otcj9xG0TMVozt83,Trippy,UNKNOWN,UNKNOWN,Trippy,False
14,sg7sThmmNsQIXxQkh8b5,Trippy,UNKNOWN,UNKNOWN,Trippy,False
15,+4gByvU9LfvSD0JHP6Ae,Trippy,UNKNOWN,UNKNOWN,Trippy,False
16,Ojz9m3WEOVsdqsRb80wc,Clip,sports1m,2012 August 14 Midweek MTB Solitude XC Mountain Bike Race,Sports1M,True
17,SidmZbSU27eY9JI02CNs,Clip,Rendered,swamp_054-1-11-70-0_54.162.127.170,Rendered,True
18,SM8AsJdh8ngk+hFny/y+,Clip,Cinematic,Naqoyqatsi: Life as War (2002),Cinematic,True
19,HOyjywQ3pn6yuOCnlHki,Clip,sports1m,2011 July 23 ICUP Solitude XC Mountain Bike Race,Sports1M,True
20,3Vml6UFDcV72MKmDQK24,Clip,Cinematic,The Matrix (1999),Cinematic,True
21,+PekFmYeH3lwKrbv92bM,Clip,Rendered,swamp_030-1-11-70-0_54.196.24.32,Rendered,True
22,HM+OgD8yKfeMGSL/gz0Q,Monet2,UNKNOWN,UNKNOWN,Monet2,False
23,PMoSd6ymRqEhlAhsPEUo,Monet2,UNKNOWN,UNKNOWN,Monet2,False
24,Xr89YxGG5sxFyt0Ssbr1,Monet2,UNKNOWN,UNKNOWN,Monet2,False
25,yguuTn1vtCLFWYadxfdr,Monet2,UNKNOWN,UNKNOWN,Monet2,False
26,e0S1tFVljQgdoZwgpNnE,Clip,sports1m,2011 July 6 Weekly Race Series Sundance XC Mountain Bike Race,Sports1M,True
27,5YhYeJVNWpWZMChA0ko0,Clip,Rendered,subway_104-1-3-70-0_52.205.253.179,Rendered,True
28,CSb5Zyz831LCPHkW48xc,Clip,Rendered,mountainlake_034-1-0-70-0_54.196.24.32,Rendered,True
29,+QhdQfKUIWxgOOXu4HPH,Clip,Rendered,kowloon_131-1-8-70-0_54.205.66.32,Rendered,True
30,Uap2FxF/6+B/K9JacleI,Clip,Cinematic,The Matrix Revolutions (2003),Cinematic,True
31,4ttvgtUeWoKPA7rJqbfj,Clip,Rendered,lowpolyjungle_099-1-9-70-0_34.203.243.27,Rendered,True
32,GjCMo2GkJp6y5vricadg,Clip,Rendered,americandiner_005-1-5-70-0_54.165.28.255,Rendered,True
33,7UETOWO5Z8aWuHDBJ2GG,Clip,Cinematic,Star Wars: Episode VII - The Force Awakens (2015),Cinematic,True
34,Oup5uAZxF2G7zEJkT+ui,Clip,sports1m,2012 USA Basketball vs The Dream Team 1992 USA Basketball - NBA 2K13,Sports1M,True
35,5zQTb77qI+ig8rigx1XU,Clip,Cinematic,Mad Max: Fury Road (2015),Cinematic,True
36,ecUQJtcERZJGdqza1k7h,Clip,sports1m,2009 Krugers Cross Singlespeed Cyclocross Race - Helmet Cam,Sports1M,True
37,KXdTNAGMo1gCWz2Ge8zr,Clip,Rendered,run82-ancientTomb-1-0,Rendered,True
38,k8bXXp4KSKuuBOkrbEtg,Clip,Cinematic,Koyaanisqatsi: Life Out of Balance (1982),Cinematic,True
39,3Tdbgbbjs2IgLUW7+6Qy,Clip,Cinematic,Koyaanisqatsi: Life Out of Balance (1982),Cinematic,True
40,Yo1qmPMOdvfQcB4QtD+m,Clip,Cinematic,The Matrix (1999),Cinematic,True
41,0yGI0KY8zHLoMeETpkNY,Clip,Rendered,run49-templeInterior-1-0,Rendered,True
42,IVAq2WrNLQ3S20jKdUWm,Clip,sports1m,180 to snapped shadow torid v2 cranks,Sports1M,True
43,fetzi4LZqgN3R+ppTVMd,Clip,Rendered,mountainlake_117-1-0-70-0_54.159.174.165,Rendered,True
44,aVi6HP+Mx0PmirJtpYEi,Trippy,UNKNOWN,UNKNOWN,Trippy,False
45,ZJvulWBItHtLlDVkIntm,Trippy,UNKNOWN,UNKNOWN,Trippy,False
46,U6NqQRL+v/N/9xnLSH2y,Trippy,UNKNOWN,UNKNOWN,Trippy,False
47,L1QltnXeJf57fZSqA8hm,Trippy,UNKNOWN,UNKNOWN,Trippy,False
48,zgKEWUYFtW2FVcCS3ZIq,Clip,Cinematic,Mad Max: Fury Road (2015),Cinematic,True
49,r9EOsoKWy7rnSW9PqnNR,Clip,Rendered,ancienttomb_080-1-4-70-0_54.89.40.102,Rendered,True
50,jS6RhMqamXL0bnlWqHy9,Clip,sports1m,2012 January 28 Frozen Hog Snow Mountain Bike Race,Sports1M,True
51,gM+l2ggjq0FU8hRq2pK9,Clip,Rendered,mountainlake_066-1-0-70-0_54.205.66.32,Rendered,True
52,CQ9hf9o6XPLaC55cFN/Z,Clip,Rendered,kowloon_022-1-8-70-0_54.175.147.171,Rendered,True
53,dLft8QjKVOhPvYj+M3wI,Clip,sports1m,2011 July 20 Weekly Race Series Sundance XC Mountain Bike Race,Sports1M,True
54,op6QRPVlhC/W2/gVmtyM,Clip,Rendered,americandiner_066-1-5-70-0_107.23.36.15,Rendered,True
55,tRWud8TeP5WjHxngR30N,Clip,Cinematic,The Matrix (1999),Cinematic,True
56,7V+S/GOJTG+aDjBoiROQ,Clip,sports1m,2009FIS WORLD CHAMPIONSHIP DUALMOGULS FINALIST LUN Part4,Sports1M,True
57,112vAaTi3svEIBDBr8hC,Clip,Rendered,medievalsewer_007-1-6-70-0_52.207.221.173,Rendered,True
58,oSd2ouhlSeXrMHi/045D,Clip,Rendered,mountainlake_018-1-0-70-0_52.87.152.28,Rendered,True
59,n2by1eYAR6XMxozIfieW,Clip,Rendered,ancienttomb_048-1-4-70-0_52.205.253.179,Rendered,True
60,YWGU9pCJb1jD1EEZ20tf,Clip,Cinematic,The Matrix Reloaded (2003),Cinematic,True
61,FQR1XltfRJLPikdVpYNn,Clip,Rendered,mountainlake_008-1-0-70-0_54.205.66.32,Rendered,True
62,O/TPbFEXzCLov05/KwS+,Clip,sports1m,2011 June 15 Weekly Race Series Soldier Hollow XC Mountain Bike Race,Sports1M,True
63,GLb98O6GN6r7256/fA8Y,Clip,Cinematic,The Matrix (1999),Cinematic,True
64,SuNRz+E/BsGGxVlNWLt9,Clip,Rendered,shintoday_036-1-12-70-0_184.73.123.94,Rendered,True
65,mbeT2YEuzrol94GMBsSP,Clip,Rendered,lowpolyjungle_113-1-9-70-0_54.159.174.165,Rendered,True
66,RL8zpBtdUqrcItpujIVj,Clip,Cinematic,Powaqqatsi: Life in Transformation (1988),Cinematic,True
67,L313XjQzD6eqzIitZmbl,Clip,Rendered,subway_129-1-3-70-0_54.159.174.165,Rendered,True
68,G8GCQlSYxw5oG/LVKDs2,Clip,Rendered,americandiner_099-1-5-70-0_184.73.123.94,Rendered,True
69,YxZMp94AewnnwYmjI/0v,Clip,Cinematic,Koyaanisqatsi: Life Out of Balance (1982),Cinematic,True
70,wE8wskQ2OpXgYdnpm+o0,Clip,sports1m,13 Rottenmanner Tauern-Adventure-Race,Sports1M,True
71,Hx7nWm9l4FGDuTlUO/17,Clip,Cinematic,The Matrix Reloaded (2003),Cinematic,True
72,GjCMo2GkJp6y5vricadg,Clip,Rendered,americandiner_005-1-5-70-0_54.165.28.255,Rendered,True
73,7UETOWO5Z8aWuHDBJ2GG,Clip,Cinematic,Star Wars: Episode VII - The Force Awakens (2015),Cinematic,True
74,Oup5uAZxF2G7zEJkT+ui,Clip,sports1m,2012 USA Basketball vs The Dream Team 1992 USA Basketball - NBA 2K13,Sports1M,True
75,5zQTb77qI+ig8rigx1XU,Clip,Cinematic,Mad Max: Fury Road (2015),Cinematic,True
76,ecUQJtcERZJGdqza1k7h,Clip,sports1m,2009 Krugers Cross Singlespeed Cyclocross Race - Helmet Cam,Sports1M,True
77,KXdTNAGMo1gCWz2Ge8zr,Clip,Rendered,run82-ancientTomb-1-0,Rendered,True
78,4tIOoaR5VNXdEFB3JLsd,Clip,Cinematic,Naqoyqatsi: Life as War (2002),Cinematic,True
79,wrhbg7/9C5fsnGqt95w/,Clip,sports1m,2012 UNIV WORLDS Erickson (USA) dec Allikma (EST) 120 kg Greco repechage,Sports1M,True
80,gnKtNfR9QYEW0PRkfRU4,Clip,Cinematic,The Matrix Reloaded (2003),Cinematic,True
81,LfckM0X1gCCgUlsmXIea,Clip,Cinematic,The Matrix Revolutions (2003),Cinematic,True
82,Ta17hPcaONVDy5sPjE9z,Clip,Cinematic,The Matrix Reloaded (2003),Cinematic,True
83,mpoHL5UE5tDtz7b51b3H,Clip,Rendered,americandiner_042-1-5-70-0_54.173.97.201,Rendered,True
84,APccFaui8xmgaLPZxjAA,Clip,sports1m,2011 June 25 USCS Round Valley XC Mountain Bike Race,Sports1M,True
85,hclIiiBW4rID0gjoYwbv,Clip,sports1m,14 ª volta ciclistica internacional do grande A B C D 2011 elite,Sports1M,True
86,ZW5GVcDmKHQQrQdljO9u,Clip,sports1m,1984 Winter Olympics - Mens Luge 2nd Run - Part 1,Sports1M,True
87,YWz8BdF7JHpb7SyGU3LO,Clip,Rendered,run125-lowPolyJungle-1-0,Rendered,True
88,otpDc+UZTnv0+G/1LL/A,Clip,Rendered,lowpolyjungle_129-1-9-70-0_52.87.152.28,Rendered,True
89,4ZE6JPeH4hCIesp0aRIB,Clip,Rendered,kowloon_110-1-8-70-0_54.209.141.225,Rendered,True
90,JOYs8Wny1GJlw6AxCVo5,Clip,Rendered,lowpolyjungle_015-1-9-70-0_54.175.147.171,Rendered,True
91,mG4xsIyTTnaRWKW82yeD,Clip,Cinematic,The Matrix (1999),Cinematic,True
92,hnYVTt6SOC5gw43jdDOb,Clip,Cinematic,Mad Max: Fury Road (2015),Cinematic,True
93,HvUTYlGssHeK5Ub4iNLY,Clip,Rendered,mountainlake_075-1-0-70-0_52.205.253.179,Rendered,True
94,pBsrFShgY2qLi+7xYSGi,Clip,sports1m,1984 Winter Olympics - Mens Luge 1st run - Part 1,Sports1M,True
95,IPvYT7eXLYJ557HrVPnG,Clip,sports1m,1 of 7 - 2010 ICup Utah Open State Championship XC Mountain Bike Race,Sports1M,True
96,KjDfO15MEsKyQ1ecL7gs,Clip,Rendered,run257-mountainLake-1-0,Rendered,True
97,W72D46ICk0GV1uh0E98o,Clip,Cinematic,The Matrix (1999),Cinematic,True
98,rKhBb2Q+dILxw3t33TsJ,Clip,Cinematic,The Matrix Revolutions (2003),Cinematic,True
99,YfqXNa8nksH/H4Q7tw5G,Clip,Rendered,lowpolyjungle_118-1-9-70-0_54.83.154.242,Rendered,True
100,OFk94miLCLRW7fhR6BQE,Clip,Rendered,swamp_075-1-11-70-0_54.165.28.255,Rendered,True
101,VIxFQLvrzWwvLKX9CM5N,Clip,sports1m,1995 bmx vert bs contest  mat hoffman bike park okc,Sports1M,True
102,ubOIjeUGbsNAJqMPIDqU,Clip,Rendered,mountainlake_066-1-0-70-0_54.205.66.32,Rendered,True
103,ihsP/Q14/eSpxdQLR3F4,Clip,Cinematic,Mad Max: Fury Road (2015),Cinematic,True
104,ClffawlgRfZbgKwX6zRB,Clip,Rendered,ancienttomb_100-1-4-70-0_54.209.141.225,Rendered,True
105,aedxogPGpb5IiLcjLo8c,Clip,sports1m,2012 January 28 Frozen Hog Snow Mountain Bike Race,Sports1M,True
106,3wXTReOQa7mnr6Oz8aUf,Clip,sports1m,2012 May 28 ICUP 7th Annual Stan Crane Memorial XC Mountain Bike Race,Sports1M,True
107,0eP/PPhAGmbJ2peZOa/E,Clip,Rendered,ancienttomb_105-1-4-70-0_54.89.40.102,Rendered,True
108,c6il6/HFHBatfpiQJdgg,Trippy,UNKNOWN,UNKNOWN,Trippy,False
109,99IJStq/7uCOm6ZQvZXf,Trippy,UNKNOWN,UNKNOWN,Trippy,False
110,K7ghyTmBpatAUFHymTb8,Trippy,UNKNOWN,UNKNOWN,Trippy,False
111,Dp7wDh2IrVZLCLrpGLuv,Trippy,UNKNOWN,UNKNOWN,Trippy,False
112,L7qi/53UTFA7uPvBMEnh,Clip,sports1m,2010 Olympic Trials - Aerials,Sports1M,True
113,Q1EUpq1bX71j54HHx87/,Clip,Cinematic,Mad Max: Fury Road (2015),Cinematic,True
114,Xv+ucC73NschlKtOZ6Sk,Clip,Cinematic,Mad Max: Fury Road (2015),Cinematic,True
115,lpHaCMiAtOXlYiOhur0/,Clip,Cinematic,Koyaanisqatsi: Life Out of Balance (1982),Cinematic,True
116,sxRabS1Ax/XPBqdWL7OT,Clip,Rendered,swamp_113-1-11-70-0_34.239.124.192,Rendered,True
117,t8zv/lGq/5sBiJkseguw,Clip,sports1m,2009 Bend USA Cycling Cyclo-Cross Nationals - Elite Men race,Sports1M,True
118,GjCMo2GkJp6y5vricadg,Clip,Rendered,americandiner_005-1-5-70-0_54.165.28.255,Rendered,True
119,7UETOWO5Z8aWuHDBJ2GG,Clip,Cinematic,Star Wars: Episode VII - The Force Awakens (2015),Cinematic,True
120,Oup5uAZxF2G7zEJkT+ui,Clip,sports1m,2012 USA Basketball vs The Dream Team 1992 USA Basketball - NBA 2K13,Sports1M,True
121,5zQTb77qI+ig8rigx1XU,Clip,Cinematic,Mad Max: Fury Road (2015),Cinematic,True
122,ecUQJtcERZJGdqza1k7h,Clip,sports1m,2009 Krugers Cross Singlespeed Cyclocross Race - Helmet Cam,Sports1M,True
123,KXdTNAGMo1gCWz2Ge8zr,Clip,Rendered,run82-ancientTomb-1-0,Rendered,True
124,LiWmwZ237ZWW3eK3UWGa,Monet2,UNKNOWN,UNKNOWN,Monet2,False
125,AZvr1UF39ygFqNxKr/8K,Monet2,UNKNOWN,UNKNOWN,Monet2,False
126,clN4ica4q7huSnWVFTFi,Monet2,UNKNOWN,UNKNOWN,Monet2,False
127,WD0uyxvusJmVxfeKu9mZ,Monet2,UNKNOWN,UNKNOWN,Monet2,False
128,GcFHh34+4ZS4mC19J6Mu,Clip,sports1m,2012 August 14 Midweek MTB Solitude XC Mountain Bike Race,Sports1M,True
129,ml/LJkIztc94NrBIhRQ7,Clip,sports1m,1 of 5 - 2011 True Grit Epic Endurance Mountain Bike Race,Sports1M,True
130,e/wb4pBnVpaEcLnlPusa,Clip,sports1m,2011 July 23 ICUP Solitude XC Mountain Bike Race,Sports1M,True
131,n6p8dl6WmY/v8aFpVRDA,Clip,sports1m,2011 June 28 Midweek MTB Round Valley XC Mountain Bike Race,Sports1M,True
132,0WhSPtHiiYMevcEnU16o,Clip,sports1m,2011 August 10 Weekly Race Series Soldier Hollow XC Mountain Bike Race,Sports1M,True
133,XGJ2vXXcu3g3dylq0L9y,Clip,sports1m,2011 June 28 Midweek MTB Round Valley XC Mountain Bike Race,Sports1M,True
134,S03m8gu1V8DJVx8Zy4v6,Clip,sports1m,2011 July 23 ICUP Solitude XC Mountain Bike Race,Sports1M,True
135,zP2rl6ONCiLo0KPXhe09,Clip,Rendered,medievalsewer_046-1-6-70-0_54.165.28.255,Rendered,True
136,7hdjI7XKyq1HSk9VJF8Z,Clip,Cinematic,The Matrix Revolutions (2003),Cinematic,True
137,MpNMKTkD/b50TMEs5iUL,Clip,sports1m,2012 UCI Road World Cycling Championships - Mens road race (final km) HD,Sports1M,True
138,+58o3lq61cXuA5ByO/+c,Clip,sports1m,2012 HAFJELL NORWAY DOWNHILL MTB WORLD CUP RECAP   YouTube,Sports1M,True
139,u9IdkcG/ki3lCeEPQuep,Clip,sports1m,2011 July 6 Weekly Race Series Sundance XC Mountain Bike Race,Sports1M,True
140,Vdi70xOyBQEeDGhPVulx,Trippy,UNKNOWN,UNKNOWN,Trippy,False
141,FwG4V5nAZdXPlcAEu/X9,Trippy,UNKNOWN,UNKNOWN,Trippy,False
142,kkGYIdGYxoLQv3Sbu77y,Trippy,UNKNOWN,UNKNOWN,Trippy,False
143,DXaO78h5gLfPRgbxiutg,Trippy,UNKNOWN,UNKNOWN,Trippy,False
144,QRW73LwKdeuJBKdv9Xyk,Trippy,UNKNOWN,UNKNOWN,Trippy,False
145,zcz9H/fzww6BdAJTTzoe,Trippy,UNKNOWN,UNKNOWN,Trippy,False
146,EhwIk1vM51LHZPE6xFZX,Trippy,UNKNOWN,UNKNOWN,Trippy,False
147,hhWRsNy4ljt4M1PtvZ3u,Trippy,UNKNOWN,UNKNOWN,Trippy,False
148,UIRT1CCHgVDfheNGYQd6,Clip,Cinematic,Star Wars: Episode VII - The Force Awakens (2015),Cinematic,True
149,Qtx9ZilPEN9mdem3G1lL,Clip,sports1m,2012 July 17 Midweek MTB Deer Valley Silver Lake Lodge XC Race (Stabilized),Sports1M,True
150,8PA1UPAZQPiLL4qyfbe0,Clip,Cinematic,Star Wars: Episode VII - The Force Awakens (2015),Cinematic,True
151,yCXacouyIMBJMNQBQeSe,Clip,sports1m,2009 Univest Grand Prix Road Race PA,Sports1M,True
152,cX1uqe3yuBtkCRNeZPSD,Clip,Rendered,lowpolyjungle_125-1-9-70-0_54.175.147.171,Rendered,True
153,0JcYLY6eaQxNgD0AqyHf,Clip,Cinematic,The Matrix Revolutions (2003),Cinematic,True
154,GjCMo2GkJp6y5vricadg,Clip,Rendered,americandiner_005-1-5-70-0_54.165.28.255,Rendered,True
155,7UETOWO5Z8aWuHDBJ2GG,Clip,Cinematic,Star Wars: Episode VII - The Force Awakens (2015),Cinematic,True
156,Oup5uAZxF2G7zEJkT+ui,Clip,sports1m,2012 USA Basketball vs The Dream Team 1992 USA Basketball - NBA 2K13,Sports1M,True
157,5zQTb77qI+ig8rigx1XU,Clip,Cinematic,Mad Max: Fury Road (2015),Cinematic,True
158,ecUQJtcERZJGdqza1k7h,Clip,sports1m,2009 Krugers Cross Singlespeed Cyclocross Race - Helmet Cam,Sports1M,True
159,KXdTNAGMo1gCWz2Ge8zr,Clip,Rendered,run82-ancientTomb-1-0,Rendered,True
160,okYfMyn8qc2ClgvpS7WG,Clip,sports1m,2009 Skijoring Event in Whitefish Montana (part 1),Sports1M,True
161,NHlF8hOkZ6psFRIVhB6N,Clip,Rendered,ancienttomb_107-1-4-70-0_54.165.28.255,Rendered,True
162,AxNNo310kAl9uUSr+hXS,Clip,Rendered,medievalsewer_009-1-6-70-0_107.23.36.15,Rendered,True
163,mjtZRmGqaXCHGB59txoI,Clip,Cinematic,Powaqqatsi: Life in Transformation (1988),Cinematic,True
164,W50xYLSTlUixv1tOfuSJ,Clip,sports1m,2011 Boulder Cup Cyclocross Elite Women,Sports1M,True
165,WpAnXD10RC/bdk0t5JIH,Clip,sports1m,1 of 5 - 2010 ICup 2nd Annual Rock The Canyons XC Mountain Bike Race,Sports1M,True
166,YFxX7HvGlO8C1ykobO23,Clip,Rendered,medievalsewer_038-1-6-70-0_54.89.40.102,Rendered,True
167,3pQLwVTyZ+4SIHuCaf2T,Clip,Cinematic,Mad Max: Fury Road (2015),Cinematic,True
168,FVvjS4ohOthRyCXyVGN8,Clip,sports1m,2011 July 23 ICUP Solitude XC Mountain Bike Race,Sports1M,True
169,wuoiZ4Jy4Ga1daTWZUNz,Clip,Rendered,run106-medievalSewer-1-0,Rendered,True
170,y3xzqe5eCkutBL+vz8Bg,Clip,Cinematic,The Matrix (1999),Cinematic,True
171,FReP3FYJBEZwexB+R1Xz,Clip,Rendered,run196-medievalSewer-1-0,Rendered,True
172,h8yYhmXV5vyXqPxkXt5a,Monet2,UNKNOWN,UNKNOWN,Monet2,False
173,SzeVJsDzE+Ceeb3XK4TT,Monet2,UNKNOWN,UNKNOWN,Monet2,False
174,GHn0W57E+2PS+Qr5yD2r,Monet2,UNKNOWN,UNKNOWN,Monet2,False
175,Sqv4lziRTQgtkUPYRRiM,Monet2,UNKNOWN,UNKNOWN,Monet2,False
176,EKmE214XwtXZC02W+5cU,Clip,Rendered,medievalsewer_052-1-6-70-0_54.210.37.143,Rendered,True
177,nYIG0cJ/KSKSHorB0ieN,Clip,sports1m,2008 Lievin Cyclocross World Cup Mens Race (Part 1),Sports1M,True
178,h6xQGEIU4lcujP/xsf3N,Clip,Cinematic,Powaqqatsi: Life in Transformation (1988),Cinematic,True
179,9jWJ1XPlky26vuNvP6rU,Clip,Cinematic,The Matrix (1999),Cinematic,True
180,7+dfd12EAu08zPDpxOFS,Clip,Cinematic,Naqoyqatsi: Life as War (2002),Cinematic,True
181,MPMFuHR/d7LaUaksGLga,Clip,Rendered,templeinterior_012-1-2-70-0_184.73.123.94,Rendered,True
182,JNYUnhFvI0mZbwN58E20,Clip,Rendered,swamp_124-1-11-70-0_34.239.124.192,Rendered,True
183,7keiPs7vk9CHNrtDuOxL,Clip,sports1m,2012 July 17 Midweek MTB Deer Valley Silver Lake Lodge XC Race (Stabilized),Sports1M,True
184,t24nBc6mpih4DR5C/qVP,Clip,Rendered,subway_016-1-3-70-0_52.205.253.179,Rendered,True
185,JzIVwvytTHCEhcYc0EkS,Clip,sports1m,2012 UNIV WORLDS Stenberg (USA) dec Sasunouski (BLR) 84 kg Greco bout,Sports1M,True
186,shDuGRZylVmZLCBFIVeP,Clip,sports1m,2011 July 23 ICUP Solitude XC Mountain Bike Race,Sports1M,True
187,ysjy6YgGXX5+mcx52KSM,Clip,Cinematic,The Matrix Reloaded (2003),Cinematic,True
188,QmynNYnz4Q0hMBpTZ/xv,Clip,Cinematic,Koyaanisqatsi: Life Out of Balance (1982),Cinematic,True
189,gpu0WyfdPMgXV/xhy6ZP,Clip,sports1m,2012 USA Basketball vs The Dream Team 1992 USA Basketball - NBA 2K13,Sports1M,True
190,0ir9/br3yxbe2BBf65zF,Clip,Cinematic,The Matrix Reloaded (2003),Cinematic,True
191,NM2SnnQwIoj8iKOMP6xA,Clip,Cinematic,Naqoyqatsi: Life as War (2002),Cinematic,True
192,F5KOXJGuqZljKK9USGu/,Clip,sports1m,2010 WORLDS Jake Clark (USA) dec T Tounousidis (GRE) 84 kg GR,Sports1M,True
193,uWDM4AAJ+PIdXzpPxOha,Clip,Cinematic,Mad Max: Fury Road (2015),Cinematic,True
194,GjCMo2GkJp6y5vricadg,Clip,Rendered,americandiner_005-1-5-70-0_54.165.28.255,Rendered,True
195,7UETOWO5Z8aWuHDBJ2GG,Clip,Cinematic,Star Wars: Episode VII - The Force Awakens (2015),Cinematic,True
196,Oup5uAZxF2G7zEJkT+ui,Clip,sports1m,2012 USA Basketball vs The Dream Team 1992 USA Basketball - NBA 2K13,Sports1M,True
197,5zQTb77qI+ig8rigx1XU,Clip,Cinematic,Mad Max: Fury Road (2015),Cinematic,True
198,ecUQJtcERZJGdqza1k7h,Clip,sports1m,2009 Krugers Cross Singlespeed Cyclocross Race - Helmet Cam,Sports1M,True
199,KXdTNAGMo1gCWz2Ge8zr,Clip,Rendered,run82-ancientTomb-1-0,Rendered,True
200,R2YTk1TGlZui9PbML2e7,Monet2,UNKNOWN,UNKNOWN,Monet2,False
201,YLuStB2eXkgOS+Cescsy,Monet2,UNKNOWN,UNKNOWN,Monet2,False
202,+rgSVBVRE8Ij1WNhq8ZW,Monet2,UNKNOWN,UNKNOWN,Monet2,False
203,avHG2QBqnb9F/xY78GmI,Monet2,UNKNOWN,UNKNOWN,Monet2,False
204,Mg5bLgoNvze3EPLB9rbZ,Clip,sports1m,2011 KIA X-GAME Aggressive Inline VERT Final,Sports1M,True
205,yfFAPn1QpVQmEC2iXg07,Clip,Rendered,swamp_103-1-11-70-0_54.162.127.170,Rendered,True
206,fSfoxctVyPEoVzFOpsAw,Clip,Rendered,ancienttomb_068-1-4-70-0_34.239.124.192,Rendered,True
207,5Q4+LRPdnmpiazfLNOdJ,Clip,Rendered,mountainlake_006-1-0-70-0_184.73.123.94,Rendered,True
208,EyGfkWSsxEsE8f3GX5Ox,Clip,Rendered,lowpolyjungle_079-1-9-70-0_52.87.152.28,Rendered,True
209,Lp/pttdcIH1AZsCOGZuG,Clip,Cinematic,Naqoyqatsi: Life as War (2002),Cinematic,True
210,F5PByWIj+t01yrrPQATY,Clip,Cinematic,The Matrix Revolutions (2003),Cinematic,True
211,PyCnH+ttd6IpZrYVJdJg,Clip,Rendered,swamp_015-1-11-70-0_54.83.154.242,Rendered,True
212,GJTC7BYupdqoTyvMByUD,Clip,Rendered,run15-lowPolyJungle-1-0,Rendered,True
213,DMYbouFXgAC2JtqeKVM2,Clip,Rendered,subway_048-1-3-70-0_54.89.40.102,Rendered,True
214,EnPvG3XxtcBv11Kc11JF,Clip,Cinematic,Star Wars: Episode VII - The Force Awakens (2015),Cinematic,True
215,MlfhtW2Pt38RCD73EuEV,Clip,Cinematic,The Matrix (1999),Cinematic,True
216,AqhLAv/anAeKHQ0JDflm,Clip,Rendered,run171-AmericanDiner-1-0,Rendered,True
217,Y3HzzeF0z2tZr1MPfqzX,Clip,Cinematic,Naqoyqatsi: Life as War (2002),Cinematic,True
218,OVFhZ1njRRW3j4jq+aOG,Clip,sports1m,2011 July 23 ICUP Solitude XC Mountain Bike Race,Sports1M,True
219,cjek2M6D7XehUAetQyJL,Clip,Cinematic,The Matrix Reloaded (2003),Cinematic,True
220,isOeuCaTCWnyCI1VClNF,Clip,Rendered,kowloon_052-1-8-70-0_54.175.147.171,Rendered,True
221,YZF9TpgjYUrQNdYeUNao,Clip,sports1m,15-Year Old Travis Pastrana Freestyle Moto X Gold with Score of 99 - X Games Five,Sports1M,True
222,NWqTwzuwGakTM37kHKK4,Clip,Cinematic,The Matrix Revolutions (2003),Cinematic,True
223,ik5DKO+EInbAGwcH0BfB,Clip,sports1m,2011 June 14 Midweek MTB Corner Canyon XC Mountain Bike Race,Sports1M,True
224,dHvGJAD7cN8KboJxFF4/,Clip,sports1m,2011 June 14 Midweek MTB Corner Canyon XC Mountain Bike Race,Sports1M,True
225,zlQ935qW1A8YOiseS7gY,Clip,Rendered,medievalsewer_132-1-6-70-0_54.210.37.143,Rendered,True
226,XoerXglPXrngFUI5uTG6,Clip,sports1m,1 of 5 - 2010 ICup 2nd Annual Rock The Canyons XC Mountain Bike Race,Sports1M,True
227,EKhyHmLj04EcBoR25T/e,Clip,Rendered,americandiner_079-1-5-70-0_184.73.123.94,Rendered,True
228,kEq0YeYOSSBtM1ZkWA1a,Monet2,UNKNOWN,UNKNOWN,Monet2,False
229,yv/S61fYnDSQcA9J6Nk8,Monet2,UNKNOWN,UNKNOWN,Monet2,False
230,VmwBOJU19AKcQHc6+W1X,Monet2,UNKNOWN,UNKNOWN,Monet2,False
231,YXM9r9BfOrHfH1PRx4gt,Monet2,UNKNOWN,UNKNOWN,Monet2,False
232,QRW73LwKdeuJBKdv9Xyk,Trippy,UNKNOWN,UNKNOWN,Trippy,False
233,zcz9H/fzww6BdAJTTzoe,Trippy,UNKNOWN,UNKNOWN,Trippy,False
234,EhwIk1vM51LHZPE6xFZX,Trippy,UNKNOWN,UNKNOWN,Trippy,False
235,hhWRsNy4ljt4M1PtvZ3u,Trippy,UNKNOWN,UNKNOWN,Trippy,False
236,EtlQ5HC7umNHyscbnE2P,Clip,Cinematic,Powaqqatsi: Life in Transformation (1988),Cinematic,True
237,pZnG/mk9gKAeDH3gwe7t,Clip,Cinematic,The Matrix (1999),Cinematic,True
238,suOAwm86py3JkdSin6tC,Clip,Cinematic,Mad Max: Fury Road (2015),Cinematic,True
239,aZV+Tl0P3ExnTyU5flJO,Clip,Rendered,subway_016-1-3-70-0_34.203.243.27,Rendered,True
240,JdsWVKvExcyDD6vTwZU1,Clip,Rendered,swamp_009-1-11-70-0_54.165.28.255,Rendered,True
241,6NmDNSF9Rpdh42cAISmL,Clip,Rendered,swamp_104-1-11-70-0_54.196.24.32,Rendered,True
242,J4PH3ez0PBmcINVwekyF,Clip,sports1m,2011 KIA X-GAME Aggressive Inline VERT Final,Sports1M,True
243,n2kq4Nv6UNm4wJbdtuHM,Clip,sports1m,2010 WORLDS Justin Ruiz (USA) dec Richard Karelson (EST) 96 kg GR,Sports1M,True
244,iYxs1vPwdSenUzRva/I3,Clip,Cinematic,Mad Max: Fury Road (2015),Cinematic,True
245,N1Sn679rCW0XsG5S7c/C,Clip,Cinematic,Star Wars: Episode VII - The Force Awakens (2015),Cinematic,True
246,jlM0Ornu8Dw2nAXCwego,Clip,Rendered,mountainlake_047-1-0-70-0_54.89.40.102,Rendered,True
247,iXM+aZY10zP+t3wPmZOW,Clip,Cinematic,The Matrix Reloaded (2003),Cinematic,True
248,YWGU9pCJb1jD1EEZ20tf,Clip,Cinematic,The Matrix Reloaded (2003),Cinematic,True
249,FQR1XltfRJLPikdVpYNn,Clip,Rendered,mountainlake_008-1-0-70-0_54.205.66.32,Rendered,True
250,O/TPbFEXzCLov05/KwS+,Clip,sports1m,2011 June 15 Weekly Race Series Soldier Hollow XC Mountain Bike Race,Sports1M,True
251,GLb98O6GN6r7256/fA8Y,Clip,Cinematic,The Matrix (1999),Cinematic,True
252,SuNRz+E/BsGGxVlNWLt9,Clip,Rendered,shintoday_036-1-12-70-0_184.73.123.94,Rendered,True
253,mbeT2YEuzrol94GMBsSP,Clip,Rendered,lowpolyjungle_113-1-9-70-0_54.159.174.165,Rendered,True
254,RL8zpBtdUqrcItpujIVj,Clip,Cinematic,Powaqqatsi: Life in Transformation (1988),Cinematic,True
255,L313XjQzD6eqzIitZmbl,Clip,Rendered,subway_129-1-3-70-0_54.159.174.165,Rendered,True
256,G8GCQlSYxw5oG/LVKDs2,Clip,Rendered,americandiner_099-1-5-70-0_184.73.123.94,Rendered,True
257,YxZMp94AewnnwYmjI/0v,Clip,Cinematic,Koyaanisqatsi: Life Out of Balance (1982),Cinematic,True
258,wE8wskQ2OpXgYdnpm+o0,Clip,sports1m,13 Rottenmanner Tauern-Adventure-Race,Sports1M,True
259,Hx7nWm9l4FGDuTlUO/17,Clip,Cinematic,The Matrix Reloaded (2003),Cinematic,True
260,oWRi0PRdGG4GvoOoDiRz,Clip,Cinematic,Mad Max: Fury Road (2015),Cinematic,True
261,+ODjhqVQD4/Bf0ioMzLv,Clip,Rendered,kowloon_104-1-8-70-0_54.209.141.225,Rendered,True
262,3X/aqQYV0Y+4lkyz7jBX,Clip,Cinematic,Naqoyqatsi: Life as War (2002),Cinematic,True
263,VaJ2gRLWxU8ZZdZaeye+,Clip,sports1m,2 bicicletas eléctricas mountain bike electrica y bicicleta electrica plegable de Ondabike,Sports1M,True
264,pSMQWsEi7ldbuD++/Giz,Clip,Cinematic,Mad Max: Fury Road (2015),Cinematic,True
265,8pUYyrUcHlb1RrfH3H2y,Clip,Cinematic,Naqoyqatsi: Life as War (2002),Cinematic,True
266,GjCMo2GkJp6y5vricadg,Clip,Rendered,americandiner_005-1-5-70-0_54.165.28.255,Rendered,True
267,7UETOWO5Z8aWuHDBJ2GG,Clip,Cinematic,Star Wars: Episode VII - The Force Awakens (2015),Cinematic,True
268,Oup5uAZxF2G7zEJkT+ui,Clip,sports1m,2012 USA Basketball vs The Dream Team 1992 USA Basketball - NBA 2K13,Sports1M,True
269,5zQTb77qI+ig8rigx1XU,Clip,Cinematic,Mad Max: Fury Road (2015),Cinematic,True
270,ecUQJtcERZJGdqza1k7h,Clip,sports1m,2009 Krugers Cross Singlespeed Cyclocross Race - Helmet Cam,Sports1M,True
271,KXdTNAGMo1gCWz2Ge8zr,Clip,Rendered,run82-ancientTomb-1-0,Rendered,True
272,kEq0YeYOSSBtM1ZkWA1a,Monet2,UNKNOWN,UNKNOWN,Monet2,False
273,yv/S61fYnDSQcA9J6Nk8,Monet2,UNKNOWN,UNKNOWN,Monet2,False
274,VmwBOJU19AKcQHc6+W1X,Monet2,UNKNOWN,UNKNOWN,Monet2,False
275,YXM9r9BfOrHfH1PRx4gt,Monet2,UNKNOWN,UNKNOWN,Monet2,False
276,FXywFxQatU71thugk9W3,Clip,Cinematic,The Matrix Revolutions (2003),Cinematic,True
277,xhdrMZnd7QWSNxr0nboD,Clip,Cinematic,Star Wars: Episode VII - The Force Awakens (2015),Cinematic,True
278,VQoko14sA4fsjEovQUOV,Clip,sports1m,2011 June 28 Midweek MTB Round Valley XC Mountain Bike Race,Sports1M,True
279,AR5NmjM8+bBshIXgG/wH,Clip,sports1m,2011 June 28 Midweek MTB Round Valley XC Mountain Bike Race,Sports1M,True
280,XmlFZr56XiH1B+J5zNEx,Clip,sports1m,2 of 2 - 2011 ICup Cholla Challenge XC Mountain Bike Race,Sports1M,True
281,A3yVhenIDGZUA0r9Bg1z,Clip,Rendered,medievalsewer_071-1-6-70-0_54.173.97.201,Rendered,True
282,HM+OgD8yKfeMGSL/gz0Q,Monet2,UNKNOWN,UNKNOWN,Monet2,False
283,PMoSd6ymRqEhlAhsPEUo,Monet2,UNKNOWN,UNKNOWN,Monet2,False
284,Xr89YxGG5sxFyt0Ssbr1,Monet2,UNKNOWN,UNKNOWN,Monet2,False
285,yguuTn1vtCLFWYadxfdr,Monet2,UNKNOWN,UNKNOWN,Monet2,False
286,3hTVJv+ZzJcU6K44nq1L,Clip,Cinematic,Naqoyqatsi: Life as War (2002),Cinematic,True
287,kv62tk7vSxNPofuraDzE,Clip,sports1m,1984 Winter Olympics - Womens Luge 3rd Run - Part 1,Sports1M,True
288,rOa8Jx7+Sk2pNzt294hx,Clip,sports1m,2011 July 23 ICUP Solitude XC Mountain Bike Race,Sports1M,True
289,d/DXcrEmXcFsX7QTvJfW,Clip,Cinematic,The Matrix (1999),Cinematic,True
290,Dhfw5sq7tlrGAb6BxpfK,Clip,Cinematic,Mad Max: Fury Road (2015),Cinematic,True
291,vrPb1bCZAvfN/DnNKu3O,Clip,Rendered,swamp_029-1-11-70-0_54.205.66.32,Rendered,True
292,JbIGSh3TvSRLjMJoP07l,Clip,sports1m,2011 August 30 Midweek MTB Solitude XC Mountain Bike Race,Sports1M,True
293,iA7ZE9FAyOWMv6cGVQwC,Clip,Rendered,mountainlake_121-1-0-70-0_54.162.127.170,Rendered,True
294,9ounQdSFRtnJty4PPZBg,Clip,Rendered,swamp_058-1-11-70-0_52.207.221.173,Rendered,True
295,6gp9DKVQeh798Pqvj3Xp,Clip,Rendered,medievalsewer_087-1-6-70-0_54.162.127.170,Rendered,True
296,YW1iE70tSORm8z25EwV0,Clip,Rendered,subway_130-1-3-70-0_52.205.253.179,Rendered,True
297,d+hNjQgWYWkc6tOQe8F5,Clip,Rendered,swamp_041-1-11-70-0_54.159.174.165,Rendered,True
298,QmynNYnz4Q0hMBpTZ/xv,Clip,Cinematic,Koyaanisqatsi: Life Out of Balance (1982),Cinematic,True
299,gpu0WyfdPMgXV/xhy6ZP,Clip,sports1m,2012 USA Basketball vs The Dream Team 1992 USA Basketball - NBA 2K13,Sports1M,True
300,0ir9/br3yxbe2BBf65zF,Clip,Cinematic,The Matrix Reloaded (2003),Cinematic,True
301,NM2SnnQwIoj8iKOMP6xA,Clip,Cinematic,Naqoyqatsi: Life as War (2002),Cinematic,True
302,F5KOXJGuqZljKK9USGu/,Clip,sports1m,2010 WORLDS Jake Clark (USA) dec T Tounousidis (GRE) 84 kg GR,Sports1M,True
303,uWDM4AAJ+PIdXzpPxOha,Clip,Cinematic,Mad Max: Fury Road (2015),Cinematic,True
304,GjCMo2GkJp6y5vricadg,Clip,Rendered,americandiner_005-1-5-70-0_54.165.28.255,Rendered,True
305,7UETOWO5Z8aWuHDBJ2GG,Clip,Cinematic,Star Wars: Episode VII - The Force Awakens (2015),Cinematic,True
306,Oup5uAZxF2G7zEJkT+ui,Clip,sports1m,2012 USA Basketball vs The Dream Team 1992 USA Basketball - NBA 2K13,Sports1M,True
307,5zQTb77qI+ig8rigx1XU,Clip,Cinematic,Mad Max: Fury Road (2015),Cinematic,True
308,ecUQJtcERZJGdqza1k7h,Clip,sports1m,2009 Krugers Cross Singlespeed Cyclocross Race - Helmet Cam,Sports1M,True
309,KXdTNAGMo1gCWz2Ge8zr,Clip,Rendered,run82-ancientTomb-1-0,Rendered,True
310,LiWmwZ237ZWW3eK3UWGa,Monet2,UNKNOWN,UNKNOWN,Monet2,False
311,AZvr1UF39ygFqNxKr/8K,Monet2,UNKNOWN,UNKNOWN,Monet2,False
312,clN4ica4q7huSnWVFTFi,Monet2,UNKNOWN,UNKNOWN,Monet2,False
313,WD0uyxvusJmVxfeKu9mZ,Monet2,UNKNOWN,UNKNOWN,Monet2,False
314,aVi6HP+Mx0PmirJtpYEi,Trippy,UNKNOWN,UNKNOWN,Trippy,False
315,ZJvulWBItHtLlDVkIntm,Trippy,UNKNOWN,UNKNOWN,Trippy,False
316,U6NqQRL+v/N/9xnLSH2y,Trippy,UNKNOWN,UNKNOWN,Trippy,False
317,L1QltnXeJf57fZSqA8hm,Trippy,UNKNOWN,UNKNOWN,Trippy,False
318,MJaYmWVO0j7nICBggS2b,Clip,Cinematic,Powaqqatsi: Life in Transformation (1988),Cinematic,True
319,jhCw/QuyP/gODgckw5ly,Clip,sports1m,1 of 5 - 2010 ICup 2nd Annual Rock The Canyons XC Mountain Bike Race,Sports1M,True
320,GQ1bk6lqVx+izwUnx9bx,Clip,Rendered,swamp_025-1-11-70-0_54.173.97.201,Rendered,True
321,vKIM/Zjig7bnlvKUxQxU,Clip,Cinematic,Naqoyqatsi: Life as War (2002),Cinematic,True
322,EmwsXRJ/RZoQT9Ni7UK1,Clip,Rendered,run27-mountainLake-1-0,Rendered,True
323,fn8HY3SLgJKNKeAP1AFV,Clip,sports1m,2011 June 14 Midweek MTB Corner Canyon XC Mountain Bike Race,Sports1M,True
324,c6il6/HFHBatfpiQJdgg,Trippy,UNKNOWN,UNKNOWN,Trippy,False
325,99IJStq/7uCOm6ZQvZXf,Trippy,UNKNOWN,UNKNOWN,Trippy,False
326,K7ghyTmBpatAUFHymTb8,Trippy,UNKNOWN,UNKNOWN,Trippy,False
327,Dp7wDh2IrVZLCLrpGLuv,Trippy,UNKNOWN,UNKNOWN,Trippy,False
328,KjDfO15MEsKyQ1ecL7gs,Clip,Rendered,run257-mountainLake-1-0,Rendered,True
329,W72D46ICk0GV1uh0E98o,Clip,Cinematic,The Matrix (1999),Cinematic,True
330,rKhBb2Q+dILxw3t33TsJ,Clip,Cinematic,The Matrix Revolutions (2003),Cinematic,True
331,YfqXNa8nksH/H4Q7tw5G,Clip,Rendered,lowpolyjungle_118-1-9-70-0_54.83.154.242,Rendered,True
332,OFk94miLCLRW7fhR6BQE,Clip,Rendered,swamp_075-1-11-70-0_54.165.28.255,Rendered,True
333,VIxFQLvrzWwvLKX9CM5N,Clip,sports1m,1995 bmx vert bs contest  mat hoffman bike park okc,Sports1M,True
334,R2YTk1TGlZui9PbML2e7,Monet2,UNKNOWN,UNKNOWN,Monet2,False
335,YLuStB2eXkgOS+Cescsy,Monet2,UNKNOWN,UNKNOWN,Monet2,False
336,+rgSVBVRE8Ij1WNhq8ZW,Monet2,UNKNOWN,UNKNOWN,Monet2,False
337,avHG2QBqnb9F/xY78GmI,Monet2,UNKNOWN,UNKNOWN,Monet2,False
338,NkpZ1hOR9yfSFQshDQ4V,Clip,Rendered,mountainlake_049-1-0-70-0_34.203.243.27,Rendered,True
339,ylycAJlvU8086/o3Ub0j,Clip,Cinematic,Naqoyqatsi: Life as War (2002),Cinematic,True
340,Woh3Beown4h4UkK0nsbP,Clip,Cinematic,The Matrix Revolutions (2003),Cinematic,True
341,GZSBSutw2PnAYx6RLOZn,Clip,sports1m,2011 July 23 ICUP Solitude XC Mountain Bike Race,Sports1M,True
342,DFdyLnc1fI6I7ZxhMOcD,Clip,sports1m,2011 Frozen Hog Mountain Bike Race,Sports1M,True
343,iGOF1Y9iuiY6Ob0w1DOS,Clip,Cinematic,Koyaanisqatsi: Life Out of Balance (1982),Cinematic,True
344,GjCMo2GkJp6y5vricadg,Clip,Rendered,americandiner_005-1-5-70-0_54.165.28.255,Rendered,True
345,7UETOWO5Z8aWuHDBJ2GG,Clip,Cinematic,Star Wars: Episode VII - The Force Awakens (2015),Cinematic,True
346,Oup5uAZxF2G7zEJkT+ui,Clip,sports1m,2012 USA Basketball vs The Dream Team 1992 USA Basketball - NBA 2K13,Sports1M,True
347,5zQTb77qI+ig8rigx1XU,Clip,Cinematic,Mad Max: Fury Road (2015),Cinematic,True
348,ecUQJtcERZJGdqza1k7h,Clip,sports1m,2009 Krugers Cross Singlespeed Cyclocross Race - Helmet Cam,Sports1M,True
349,KXdTNAGMo1gCWz2Ge8zr,Clip,Rendered,run82-ancientTomb-1-0,Rendered,True
350,NWqTwzuwGakTM37kHKK4,Clip,Cinematic,The Matrix Revolutions (2003),Cinematic,True
351,ik5DKO+EInbAGwcH0BfB,Clip,sports1m,2011 June 14 Midweek MTB Corner Canyon XC Mountain Bike Race,Sports1M,True
352,dHvGJAD7cN8KboJxFF4/,Clip,sports1m,2011 June 14 Midweek MTB Corner Canyon XC Mountain Bike Race,Sports1M,True
353,zlQ935qW1A8YOiseS7gY,Clip,Rendered,medievalsewer_132-1-6-70-0_54.210.37.143,Rendered,True
354,XoerXglPXrngFUI5uTG6,Clip,sports1m,1 of 5 - 2010 ICup 2nd Annual Rock The Canyons XC Mountain Bike Race,Sports1M,True
355,EKhyHmLj04EcBoR25T/e,Clip,Rendered,americandiner_079-1-5-70-0_184.73.123.94,Rendered,True
356,UIRT1CCHgVDfheNGYQd6,Clip,Cinematic,Star Wars: Episode VII - The Force Awakens (2015),Cinematic,True
357,Qtx9ZilPEN9mdem3G1lL,Clip,sports1m,2012 July 17 Midweek MTB Deer Valley Silver Lake Lodge XC Race (Stabilized),Sports1M,True
358,8PA1UPAZQPiLL4qyfbe0,Clip,Cinematic,Star Wars: Episode VII - The Force Awakens (2015),Cinematic,True
359,yCXacouyIMBJMNQBQeSe,Clip,sports1m,2009 Univest Grand Prix Road Race PA,Sports1M,True
360,cX1uqe3yuBtkCRNeZPSD,Clip,Rendered,lowpolyjungle_125-1-9-70-0_54.175.147.171,Rendered,True
361,0JcYLY6eaQxNgD0AqyHf,Clip,Cinematic,The Matrix Revolutions (2003),Cinematic,True
362,h8yYhmXV5vyXqPxkXt5a,Monet2,UNKNOWN,UNKNOWN,Monet2,False
363,SzeVJsDzE+Ceeb3XK4TT,Monet2,UNKNOWN,UNKNOWN,Monet2,False
364,GHn0W57E+2PS+Qr5yD2r,Monet2,UNKNOWN,UNKNOWN,Monet2,False
365,Sqv4lziRTQgtkUPYRRiM,Monet2,UNKNOWN,UNKNOWN,Monet2,False
366,JOYs8Wny1GJlw6AxCVo5,Clip,Rendered,lowpolyjungle_015-1-9-70-0_54.175.147.171,Rendered,True
367,mG4xsIyTTnaRWKW82yeD,Clip,Cinematic,The Matrix (1999),Cinematic,True
368,hnYVTt6SOC5gw43jdDOb,Clip,Cinematic,Mad Max: Fury Road (2015),Cinematic,True
369,HvUTYlGssHeK5Ub4iNLY,Clip,Rendered,mountainlake_075-1-0-70-0_52.205.253.179,Rendered,True
370,pBsrFShgY2qLi+7xYSGi,Clip,sports1m,1984 Winter Olympics - Mens Luge 1st run - Part 1,Sports1M,True
371,IPvYT7eXLYJ557HrVPnG,Clip,sports1m,1 of 7 - 2010 ICup Utah Open State Championship XC Mountain Bike Race,Sports1M,True
372,ubOIjeUGbsNAJqMPIDqU,Clip,Rendered,mountainlake_066-1-0-70-0_54.205.66.32,Rendered,True
373,ihsP/Q14/eSpxdQLR3F4,Clip,Cinematic,Mad Max: Fury Road (2015),Cinematic,True
374,ClffawlgRfZbgKwX6zRB,Clip,Rendered,ancienttomb_100-1-4-70-0_54.209.141.225,Rendered,True
375,aedxogPGpb5IiLcjLo8c,Clip,sports1m,2012 January 28 Frozen Hog Snow Mountain Bike Race,Sports1M,True
376,3wXTReOQa7mnr6Oz8aUf,Clip,sports1m,2012 May 28 ICUP 7th Annual Stan Crane Memorial XC Mountain Bike Race,Sports1M,True
377,0eP/PPhAGmbJ2peZOa/E,Clip,Rendered,ancienttomb_105-1-4-70-0_54.89.40.102,Rendered,True
378,APccFaui8xmgaLPZxjAA,Clip,sports1m,2011 June 25 USCS Round Valley XC Mountain Bike Race,Sports1M,True
379,hclIiiBW4rID0gjoYwbv,Clip,sports1m,14 ª volta ciclistica internacional do grande A B C D 2011 elite,Sports1M,True
380,ZW5GVcDmKHQQrQdljO9u,Clip,sports1m,1984 Winter Olympics - Mens Luge 2nd Run - Part 1,Sports1M,True
381,YWz8BdF7JHpb7SyGU3LO,Clip,Rendered,run125-lowPolyJungle-1-0,Rendered,True
382,otpDc+UZTnv0+G/1LL/A,Clip,Rendered,lowpolyjungle_129-1-9-70-0_52.87.152.28,Rendered,True
383,4ZE6JPeH4hCIesp0aRIB,Clip,Rendered,kowloon_110-1-8-70-0_54.209.141.225,Rendered,True
384,GjCMo2GkJp6y5vricadg,Clip,Rendered,americandiner_005-1-5-70-0_54.165.28.255,Rendered,True
385,7UETOWO5Z8aWuHDBJ2GG,Clip,Cinematic,Star Wars: Episode VII - The Force Awakens (2015),Cinematic,True
386,Oup5uAZxF2G7zEJkT+ui,Clip,sports1m,2012 USA Basketball vs The Dream Team 1992 USA Basketball - NBA 2K13,Sports1M,True
387,5zQTb77qI+ig8rigx1XU,Clip,Cinematic,Mad Max: Fury Road (2015),Cinematic,True
388,ecUQJtcERZJGdqza1k7h,Clip,sports1m,2009 Krugers Cross Singlespeed Cyclocross Race - Helmet Cam,Sports1M,True
389,KXdTNAGMo1gCWz2Ge8zr,Clip,Rendered,run82-ancientTomb-1-0,Rendered,True
390,4tIOoaR5VNXdEFB3JLsd,Clip,Cinematic,Naqoyqatsi: Life as War (2002),Cinematic,True
391,wrhbg7/9C5fsnGqt95w/,Clip,sports1m,2012 UNIV WORLDS Erickson (USA) dec Allikma (EST) 120 kg Greco repechage,Sports1M,True
392,gnKtNfR9QYEW0PRkfRU4,Clip,Cinematic,The Matrix Reloaded (2003),Cinematic,True
393,LfckM0X1gCCgUlsmXIea,Clip,Cinematic,The Matrix Revolutions (2003),Cinematic,True
394,Ta17hPcaONVDy5sPjE9z,Clip,Cinematic,The Matrix Reloaded (2003),Cinematic,True
395,mpoHL5UE5tDtz7b51b3H,Clip,Rendered,americandiner_042-1-5-70-0_54.173.97.201,Rendered,True
396,hA5XiO9Yr2bp3AGbwXFy,Clip,Cinematic,The Matrix (1999),Cinematic,True
397,9po9C2T7WMn+mrqLtKQ3,Clip,sports1m,2012 UNIV WORLDS Stenberg (USA) dec Sasunouski (BLR) 84 kg Greco bout,Sports1M,True
398,vx7im5YbRu12xdbgyuN0,Clip,sports1m,1 of 5 - 2011 True Grit Epic Endurance Mountain Bike Race,Sports1M,True
399,4CyhP0dvBfefTNFiZDql,Clip,Cinematic,The Matrix Reloaded (2003),Cinematic,True
400,SPLLOEhFGFlgL0mkoyPB,Clip,sports1m,2011 July 6 Weekly Race Series Sundance XC Mountain Bike Race,Sports1M,True
401,nA5Nl94Ii007u2gfYnFL,Clip,sports1m,2009FIS WORLD CHAMPIONSHIP DUALMOGULS CEREMONY,Sports1M,True
402,Vdi70xOyBQEeDGhPVulx,Trippy,UNKNOWN,UNKNOWN,Trippy,False
403,FwG4V5nAZdXPlcAEu/X9,Trippy,UNKNOWN,UNKNOWN,Trippy,False
404,kkGYIdGYxoLQv3Sbu77y,Trippy,UNKNOWN,UNKNOWN,Trippy,False
405,DXaO78h5gLfPRgbxiutg,Trippy,UNKNOWN,UNKNOWN,Trippy,False
406,Mg5bLgoNvze3EPLB9rbZ,Clip,sports1m,2011 KIA X-GAME Aggressive Inline VERT Final,Sports1M,True
407,yfFAPn1QpVQmEC2iXg07,Clip,Rendered,swamp_103-1-11-70-0_54.162.127.170,Rendered,True
408,fSfoxctVyPEoVzFOpsAw,Clip,Rendered,ancienttomb_068-1-4-70-0_34.239.124.192,Rendered,True
409,5Q4+LRPdnmpiazfLNOdJ,Clip,Rendered,mountainlake_006-1-0-70-0_184.73.123.94,Rendered,True
410,EyGfkWSsxEsE8f3GX5Ox,Clip,Rendered,lowpolyjungle_079-1-9-70-0_52.87.152.28,Rendered,True
411,Lp/pttdcIH1AZsCOGZuG,Clip,Cinematic,Naqoyqatsi: Life as War (2002),Cinematic,True
412,tRgm529SPpQspr220FRm,Trippy,UNKNOWN,UNKNOWN,Trippy,False
413,IM+4otcj9xG0TMVozt83,Trippy,UNKNOWN,UNKNOWN,Trippy,False
414,sg7sThmmNsQIXxQkh8b5,Trippy,UNKNOWN,UNKNOWN,Trippy,False
415,+4gByvU9LfvSD0JHP6Ae,Trippy,UNKNOWN,UNKNOWN,Trippy,False
416,Fdanbt5C5GTaqFv52S5s,Clip,Cinematic,Naqoyqatsi: Life as War (2002),Cinematic,True
417,neEOOD/7DThp+cyPZSPk,Clip,Cinematic,Star Wars: Episode VII - The Force Awakens (2015),Cinematic,True
418,NEWFN4OCB3CRE26vVaam,Clip,sports1m,2007 Diamondback Response Sport - Playing around with my camera  sustainablesurvival,Sports1M,True
419,yoX6EWgUDCdq6Pmd/xPz,Clip,sports1m,2012 USA Basketball vs The Dream Team 1992 USA Basketball - NBA 2K13,Sports1M,True
420,PYU/dDCH3QiZYnyeSypM,Clip,Rendered,medievalsewer_095-1-6-70-0_54.83.154.242,Rendered,True
421,3G9rbLbAPukU7tbyeRG+,Clip,sports1m,2010 King Of New York BMX Trails Random Footage,Sports1M,True
422,GjCMo2GkJp6y5vricadg,Clip,Rendered,americandiner_005-1-5-70-0_54.165.28.255,Rendered,True
423,7UETOWO5Z8aWuHDBJ2GG,Clip,Cinematic,Star Wars: Episode VII - The Force Awakens (2015),Cinematic,True
424,Oup5uAZxF2G7zEJkT+ui,Clip,sports1m,2012 USA Basketball vs The Dream Team 1992 USA Basketball - NBA 2K13,Sports1M,True
425,5zQTb77qI+ig8rigx1XU,Clip,Cinematic,Mad Max: Fury Road (2015),Cinematic,True
426,ecUQJtcERZJGdqza1k7h,Clip,sports1m,2009 Krugers Cross Singlespeed Cyclocross Race - Helmet Cam,Sports1M,True
427,KXdTNAGMo1gCWz2Ge8zr,Clip,Rendered,run82-ancientTomb-1-0,Rendered,True
428,okYfMyn8qc2ClgvpS7WG,Clip,sports1m,2009 Skijoring Event in Whitefish Montana (part 1),Sports1M,True
429,NHlF8hOkZ6psFRIVhB6N,Clip,Rendered,ancienttomb_107-1-4-70-0_54.165.28.255,Rendered,True
430,AxNNo310kAl9uUSr+hXS,Clip,Rendered,medievalsewer_009-1-6-70-0_107.23.36.15,Rendered,True
431,mjtZRmGqaXCHGB59txoI,Clip,Cinematic,Powaqqatsi: Life in Transformation (1988),Cinematic,True
432,W50xYLSTlUixv1tOfuSJ,Clip,sports1m,2011 Boulder Cup Cyclocross Elite Women,Sports1M,True
433,WpAnXD10RC/bdk0t5JIH,Clip,sports1m,1 of 5 - 2010 ICup 2nd Annual Rock The Canyons XC Mountain Bike Race,Sports1M,True
434,MaN8zZQItdhsFNBq5/yl,Clip,Rendered,run213-darkTemple-1-0,Rendered,True
435,18PTv0aCUhaUeL2r9kDd,Clip,sports1m,2012 July 10 Midweek MTB Corner Canyon XC Mountain Bike Race (Stabilized),Sports1M,True
436,cK20wOm48y1gpxBcZuzN,Clip,Cinematic,The Matrix Reloaded (2003),Cinematic,True
437,s8DvZS/fghphUcTsLOzM,Clip,Cinematic,The Matrix (1999),Cinematic,True
438,8IyLxfa6UikBgn/lOdpD,Clip,sports1m,2012 January 28 Frozen Hog Snow Mountain Bike Race,Sports1M,True
439,AXD+rrWG8VbV+xLvzwfb,Clip,sports1m,2012 May 28 ICUP 7th Annual Stan Crane Memorial XC Mountain Bike Race,Sports1M,True
440,JNYUnhFvI0mZbwN58E20,Clip,Rendered,swamp_124-1-11-70-0_34.239.124.192,Rendered,True
441,7keiPs7vk9CHNrtDuOxL,Clip,sports1m,2012 July 17 Midweek MTB Deer Valley Silver Lake Lodge XC Race (Stabilized),Sports1M,True
442,t24nBc6mpih4DR5C/qVP,Clip,Rendered,subway_016-1-3-70-0_52.205.253.179,Rendered,True
443,JzIVwvytTHCEhcYc0EkS,Clip,sports1m,2012 UNIV WORLDS Stenberg (USA) dec Sasunouski (BLR) 84 kg Greco bout,Sports1M,True
444,shDuGRZylVmZLCBFIVeP,Clip,sports1m,2011 July 23 ICUP Solitude XC Mountain Bike Race,Sports1M,True
445,ysjy6YgGXX5+mcx52KSM,Clip,Cinematic,The Matrix Reloaded (2003),Cinematic,True
446,3k5I6GgcLcVOVsTzPElo,Clip,Cinematic,Mad Max: Fury Road (2015),Cinematic,True
447,SuCpcRhCNDfKoBoal3j2,Clip,Rendered,lowpolyjungle_066-1-9-70-0_34.239.124.192,Rendered,True
448,vV2cAU0vqaayD3rp9JCu,Clip,Rendered,subway_127-1-3-70-0_54.173.97.201,Rendered,True
449,DXzHZ8iLdr2x2fHDjXOM,Clip,Rendered,lowpolyjungle_100-1-9-70-0_54.210.37.143,Rendered,True
450,ajRbt+xbcBjGuNECEVDu,Clip,Rendered,medievalsewer_021-1-6-70-0_54.196.24.32,Rendered,True
451,+64BCnUTurcw/6w0Xroc,Clip,Cinematic,The Matrix Revolutions (2003),Cinematic,True
452,Qx9ufZfqQaKwhbt/nVI4,Clip,sports1m,1999 FIS WorldCup Freestyle Ski Acro Heavenly FINAL,Sports1M,True
453,Y7uy8l/xx7Rw6KPkPbHG,Clip,sports1m,2011 July 2 ICUP Dutch Hollow XC Mountain Bike Race,Sports1M,True
454,ElfN68NajEerWSOHh8HX,Clip,Rendered,ancienttomb_082-1-4-70-0_54.175.147.171,Rendered,True
455,CuNv3BiXJt09SWTDAP5k,Clip,sports1m,2012 May 28 ICUP 7th Annual Stan Crane Memorial XC Mountain Bike Race,Sports1M,True
456,DN5M/X5CPEjARDMM24f3,Clip,sports1m,2012 USA Basketball vs The Dream Team 1992 USA Basketball - NBA 2K13,Sports1M,True
457,5BCFSAbvGSKwHVHaFQNb,Clip,sports1m,2008 Lievin Cyclocross World Cup Mens Race (Part 1),Sports1M,True
458,fLokJIhvJwiD3z5T5Hl3,Clip,sports1m,2011 KIA X-GAME Aggressive Inline VERT Round1 HEAT2,Sports1M,True
459,SXIJN1Yir4oAIu2tE0or,Clip,Cinematic,Naqoyqatsi: Life as War (2002),Cinematic,True
460,JL7a8UCWr1t5hekO51IT,Clip,Rendered,swamp_131-1-11-70-0_107.23.36.15,Rendered,True
461,X9PPz38ZSR0Y2LS4yAX2,Clip,Cinematic,Mad Max: Fury Road (2015),Cinematic,True
462,IXrsB1UAYdDJZTHYdZGS,Clip,Cinematic,Mad Max: Fury Road (2015),Cinematic,True
463,3J5ucrYgPSVFuTXXmk1T,Clip,sports1m,2008 Japan Cup Cycle Road Race 2,Sports1M,True
